"date","cases","deaths","icu","region"
"2020-03-28",146,5,79,"South Korea"
"2020-03-29",105,8,78,"South Korea"
"2020-03-30",78,6,74,"South Korea"
"2020-03-31",125,4,74,"South Korea"
"2020-04-01",101,3,76,"South Korea"
"2020-04-02",89,4,78,"South Korea"
"2020-04-03",86,5,80,"South Korea"
"2020-04-04",94,3,80,"South Korea"
"2020-04-05",81,6,81,"South Korea"
"2020-04-06",47,3,80,"South Korea"
"2020-04-07",47,6,77,"South Korea"
"2020-04-08",53,8,80,"South Korea"
"2020-04-09",39,4,80,"South Korea"
"2020-04-10",27,4,71,"South Korea"
"2020-04-11",30,3,67,"South Korea"
"2020-04-12",32,3,67,"South Korea"
"2020-04-13",25,3,66,"South Korea"
"2020-04-14",27,5,66,"South Korea"
"2020-04-15",27,3,65,"South Korea"
"2020-04-16",22,4,61,"South Korea"
"2020-04-17",22,1,61,"South Korea"
"2020-04-18",18,2,61,"South Korea"
"2020-04-19",8,2,57,"South Korea"
"2020-04-20",13,2,56,"South Korea"
"2020-04-21",9,1,56,"South Korea"
"2020-04-22",11,1,52,"South Korea"
"2020-04-23",8,2,49,"South Korea"
"2020-04-24",6,0,42,"South Korea"
"2020-04-25",10,0,46,"South Korea"
"2020-04-26",10,2,42,"South Korea"
"2020-04-27",10,1,42,"South Korea"
"2020-04-28",14,1,38,"South Korea"
"2020-04-29",9,2,37,"South Korea"
"2020-04-30",4,1,36,"South Korea"
"2020-05-01",9,1,33,"South Korea"
"2020-05-02",6,2,29,"South Korea"
"2020-05-03",13,0,29,"South Korea"
"2020-05-04",8,2,27,"South Korea"
"2020-05-05",3,2,27,"South Korea"
"2020-05-06",2,1,27,"South Korea"
"2020-05-07",4,1,25,"South Korea"
"2020-05-08",12,0,24,"South Korea"
"2020-05-09",18,0,23,"South Korea"
"2020-05-10",34,0,23,"South Korea"
"2020-05-11",35,0,23,"South Korea"
"2020-05-12",27,2,22,"South Korea"
"2020-05-13",26,1,20,"South Korea"
"2020-05-14",29,1,22,"South Korea"
"2020-05-15",27,0,22,"South Korea"
"2020-05-16",19,2,18,"South Korea"
"2020-05-17",13,0,18,"South Korea"
"2020-05-18",15,1,16,"South Korea"
"2020-05-19",13,0,15,"South Korea"
"2020-05-20",32,0,15,"South Korea"
"2020-05-21",12,1,16,"South Korea"
"2020-05-22",20,0,16,"South Korea"
"2020-05-23",23,2,14,"South Korea"
"2020-05-24",25,0,13,"South Korea"
"2020-05-25",16,1,13,"South Korea"
"2020-05-26",19,2,12,"South Korea"
"2020-05-27",40,0,12,"South Korea"
"2020-05-28",79,0,11,"South Korea"
"2020-05-29",58,0,10,"South Korea"
"2020-05-30",39,0,10,"South Korea"
"2020-05-31",27,1,11,"South Korea"
"2020-06-01",35,1,12,"South Korea"
"2020-06-02",38,1,11,"South Korea"
"2020-06-03",49,1,8,"South Korea"
"2020-06-04",39,0,9,"South Korea"
"2020-06-05",39,0,11,"South Korea"
"2020-06-06",51,0,14,"South Korea"
"2020-06-07",57,0,14,"South Korea"
"2020-06-08",37,0,14,"South Korea"
"2020-06-09",38,1,18,"South Korea"
"2020-06-10",50,2,20,"South Korea"
"2020-06-11",45,0,20,"South Korea"
"2020-06-12",56,1,18,"South Korea"
"2020-06-13",48,0,22,"South Korea"
"2020-06-14",34,0,22,"South Korea"
"2020-06-15",37,0,20,"South Korea"
"2020-06-16",34,1,24,"South Korea"
"2020-06-17",43,1,25,"South Korea"
"2020-06-18",59,1,27,"South Korea"
"2020-06-19",49,0,33,"South Korea"
"2020-06-20",67,0,33,"South Korea"
"2020-06-21",48,0,34,"South Korea"
"2020-06-22",17,0,34,"South Korea"
"2020-06-23",46,1,37,"South Korea"
"2020-06-24",51,0,38,"South Korea"
"2020-06-25",28,1,37,"South Korea"
"2020-06-26",39,0,35,"South Korea"
"2020-06-27",51,0,30,"South Korea"
"2020-06-28",62,0,32,"South Korea"
"2020-06-29",42,0,32,"South Korea"
"2020-06-30",42,0,32,"South Korea"
"2020-07-01",51,0,33,"South Korea"
"2020-07-02",54,0,34,"South Korea"
"2020-07-03",61,0,34,"South Korea"
"2020-07-04",63,1,30,"South Korea"
"2020-07-05",61,0,32,"South Korea"
"2020-07-06",48,1,32,"South Korea"
"2020-07-07",44,1,36,"South Korea"
"2020-07-08",62,0,31,"South Korea"
"2020-07-09",50,2,26,"South Korea"
"2020-07-10",45,1,22,"South Korea"
"2020-07-11",35,0,20,"South Korea"
"2020-07-12",44,1,19,"South Korea"
"2020-07-13",62,0,20,"South Korea"
"2020-07-14",33,0,17,"South Korea"
"2020-07-15",39,0,17,"South Korea"
"2020-07-16",61,2,16,"South Korea"
"2020-07-17",60,2,16,"South Korea"
"2020-07-18",39,1,19,"South Korea"
"2020-07-19",34,1,19,"South Korea"
"2020-07-20",26,1,19,"South Korea"
"2020-07-21",45,0,21,"South Korea"
"2020-07-22",63,1,21,"South Korea"
"2020-07-23",59,0,18,"South Korea"
"2020-07-24",41,1,16,"South Korea"
"2020-07-25",113,0,15,"South Korea"
"2020-07-26",58,0,15,"South Korea"
"2020-07-27",25,1,14,"South Korea"
"2020-07-28",28,1,12,"South Korea"
"2020-07-29",48,0,12,"South Korea"
"2020-07-30",18,0,13,"South Korea"
"2020-07-31",36,1,12,"South Korea"
"2020-08-01",31,0,13,"South Korea"
"2020-08-02",30,0,13,"South Korea"
"2020-08-03",23,0,13,"South Korea"
"2020-08-04",34,0,13,"South Korea"
"2020-08-05",33,1,14,"South Korea"
"2020-08-06",43,0,18,"South Korea"
"2020-08-07",20,1,18,"South Korea"
"2020-08-08",43,1,17,"South Korea"
"2020-08-09",36,1,16,"South Korea"
"2020-08-10",28,0,16,"South Korea"
"2020-08-11",34,0,15,"South Korea"
"2020-08-12",54,0,15,"South Korea"
"2020-08-13",56,0,15,"South Korea"
"2020-08-14",103,0,14,"South Korea"
"2020-08-15",166,0,14,"South Korea"
"2020-08-16",279,0,13,"South Korea"
"2020-08-17",197,0,13,"South Korea"
"2020-08-18",246,1,9,"South Korea"
"2020-08-19",297,0,12,"South Korea"
"2020-08-20",288,1,12,"South Korea"
"2020-08-21",324,2,18,"South Korea"
"2020-08-22",332,0,24,"South Korea"
"2020-08-23",397,0,29,"South Korea"
"2020-08-24",266,0,31,"South Korea"
"2020-08-25",280,1,37,"South Korea"
"2020-08-26",320,2,42,"South Korea"
"2020-08-27",441,1,46,"South Korea"
"2020-08-28",371,3,58,"South Korea"
"2020-08-29",323,5,64,"South Korea"
"2020-08-30",299,2,70,"South Korea"
"2020-08-31",248,1,79,"South Korea"
"2020-09-01",235,0,104,"South Korea"
"2020-09-02",267,2,123,"South Korea"
"2020-09-03",195,3,154,"South Korea"
"2020-09-04",198,2,157,"South Korea"
"2020-09-05",168,2,159,"South Korea"
"2020-09-06",167,1,163,"South Korea"
"2020-09-07",119,2,162,"South Korea"
"2020-09-08",136,5,150,"South Korea"
"2020-09-09",156,3,154,"South Korea"
"2020-09-10",155,2,169,"South Korea"
"2020-09-11",176,4,175,"South Korea"
"2020-09-12",136,5,164,"South Korea"
"2020-09-13",121,3,157,"South Korea"
"2020-09-14",109,5,157,"South Korea"
"2020-09-15",106,4,158,"South Korea"
"2020-09-16",113,0,160,"South Korea"
"2020-09-17",153,5,160,"South Korea"
"2020-09-18",126,5,150,"South Korea"
"2020-09-19",110,1,152,"South Korea"
"2020-09-20",82,5,146,"South Korea"
"2020-09-21",70,2,141,"South Korea"
"2020-09-22",61,3,146,"South Korea"
"2020-09-23",110,0,139,"South Korea"
"2020-09-24",125,5,126,"South Korea"
"2020-09-25",114,2,128,"South Korea"
"2020-09-26",61,4,122,"South Korea"
"2020-09-27",95,2,124,"South Korea"
"2020-09-28",50,5,120,"South Korea"
"2020-09-29",38,1,115,"South Korea"
"2020-09-30",113,6,109,"South Korea"
"2020-10-01",77,2,107,"South Korea"
"2020-10-02",63,1,107,"South Korea"
"2020-10-03",75,4,104,"South Korea"
"2020-10-04",64,1,105,"South Korea"
"2020-10-05",73,1,107,"South Korea"
"2020-10-06",75,0,105,"South Korea"
"2020-10-07",114,3,102,"South Korea"
"2020-10-08",69,2,97,"South Korea"
"2020-10-09",54,1,94,"South Korea"
"2020-10-10",72,2,89,"South Korea"
"2020-10-11",58,2,89,"South Korea"
"2020-10-12",97,1,87,"South Korea"
"2020-10-13",102,1,91,"South Korea"
"2020-10-14",73,4,85,"South Korea"
"2020-10-15",110,1,82,"South Korea"
"2020-10-16",47,2,78,"South Korea"
"2020-10-17",73,2,78,"South Korea"
"2020-10-18",91,1,77,"South Korea"
"2020-10-19",76,0,78,"South Korea"
"2020-10-20",58,3,71,"South Korea"
"2020-10-21",89,3,70,"South Korea"
"2020-10-22",121,3,62,"South Korea"
"2020-10-23",155,2,62,"South Korea"
"2020-10-24",77,2,60,"South Korea"
"2020-10-25",61,0,53,"South Korea"
"2020-10-26",119,0,53,"South Korea"
"2020-10-27",88,3,52,"South Korea"
"2020-10-28",103,1,52,"South Korea"
"2020-10-29",125,1,53,"South Korea"
"2020-10-30",113,1,51,"South Korea"
"2020-10-31",127,1,54,"South Korea"
"2020-11-01",124,2,51,"South Korea"
"2020-11-02",97,2,49,"South Korea"
"2020-11-03",75,4,52,"South Korea"
"2020-11-04",117,2,53,"South Korea"
"2020-11-05",125,1,51,"South Korea"
"2020-11-06",145,1,50,"South Korea"
"2020-11-07",89,1,53,"South Korea"
"2020-11-08",143,1,58,"South Korea"
"2020-11-09",126,2,57,"South Korea"
"2020-11-10",100,5,54,"South Korea"
"2020-11-11",145,2,49,"South Korea"
"2020-11-12",143,0,53,"South Korea"
"2020-11-13",191,1,50,"South Korea"
"2020-11-14",205,4,54,"South Korea"
"2020-11-15",208,1,56,"South Korea"
"2020-11-16",222,1,55,"South Korea"
"2020-11-17",230,0,60,"South Korea"
"2020-11-18",285,2,67,"South Korea"
"2020-11-19",325,2,79,"South Korea"
"2020-11-20",348,3,84,"South Korea"
"2020-11-21",386,2,86,"South Korea"
"2020-11-22",330,2,87,"South Korea"
"2020-11-23",271,4,79,"South Korea"
"2020-11-24",349,1,79,"South Korea"
"2020-11-25",382,3,81,"South Korea"
"2020-11-26",581,2,78,"South Korea"
"2020-11-27",555,1,77,"South Korea"
"2020-11-28",503,6,78,"South Korea"
"2020-11-29",450,1,76,"South Korea"
"2020-11-30",438,3,76,"South Korea"
"2020-12-01",451,0,97,"South Korea"
"2020-12-02",511,0,101,"South Korea"
"2020-12-03",540,3,117,"South Korea"
"2020-12-04",628,7,116,"South Korea"
"2020-12-05",577,4,121,"South Korea"
"2020-12-06",631,5,125,"South Korea"
"2020-12-07",615,4,126,"South Korea"
"2020-12-08",587,3,134,"South Korea"
"2020-12-09",670,4,134,"South Korea"
"2020-12-10",680,8,149,"South Korea"
"2020-12-11",689,8,172,"South Korea"
"2020-12-12",950,6,169,"South Korea"
"2020-12-13",1030,2,179,"South Korea"
"2020-12-14",718,7,185,"South Korea"
"2020-12-15",880,13,205,"South Korea"
"2020-12-16",1078,12,226,"South Korea"
"2020-12-17",1014,22,242,"South Korea"
"2020-12-18",1064,11,246,"South Korea"
"2020-12-19",1045,14,275,"South Korea"
"2020-12-20",1097,15,278,"South Korea"
"2020-12-21",924,24,274,"South Korea"
"2020-12-22",866,24,281,"South Korea"
"2020-12-23",1090,17,284,"South Korea"
"2020-12-24",985,17,291,"South Korea"
"2020-12-25",1235,17,311,"South Korea"
"2020-12-26",1131,20,299,"South Korea"
"2020-12-27",970,15,293,"South Korea"
"2020-12-28",806,11,295,"South Korea"
"2020-12-29",1044,40,330,"South Korea"
"2020-12-30",1050,20,332,"South Korea"
"2020-12-31",967,21,344,"South Korea"
"2021-01-01",1852,17,354,"South Korea"
"2021-01-02",657,25,361,"South Korea"
"2021-01-03",1020,20,355,"South Korea"
"2021-01-04",714,19,351,"South Korea"
"2021-01-05",838,26,386,"South Korea"
"2021-01-06",869,20,411,"South Korea"
"2021-01-07",674,19,400,"South Korea"
"2021-01-08",641,35,404,"South Korea"
"2021-01-09",657,19,409,"South Korea"
"2021-01-10",451,25,401,"South Korea"
"2021-01-11",537,15,395,"South Korea"
"2021-01-12",561,25,390,"South Korea"
"2021-01-13",524,20,374,"South Korea"
"2021-01-14",512,10,380,"South Korea"
"2021-01-15",580,22,374,"South Korea"
"2021-01-16",520,19,360,"South Korea"
"2021-01-17",389,13,352,"South Korea"
"2021-01-18",386,15,343,"South Korea"
"2021-01-19",404,19,335,"South Korea"
"2021-01-20",401,17,323,"South Korea"
"2021-01-21",345,16,317,"South Korea"
"2021-01-22",431,12,299,"South Korea"
"2021-01-23",392,9,297,"South Korea"
"2021-01-24",437,12,282,"South Korea"
"2021-01-25",349,11,275,"South Korea"
"2021-01-26",559,11,270,"South Korea"
"2021-01-27",497,7,270,"South Korea"
"2021-01-28",469,8,251,"South Korea"
"2021-01-29",456,13,239,"South Korea"
"2021-01-30",354,15,231,"South Korea"
"2021-01-31",305,6,229,"South Korea"
"2021-02-01",336,5,225,"South Korea"
"2021-02-02",467,10,224,"South Korea"
"2021-02-03",451,6,220,"South Korea"
"2021-02-04",370,7,211,"South Korea"
"2021-02-05",390,11,200,"South Korea"
"2021-02-06",371,5,197,"South Korea"
"2021-02-07",288,7,190,"South Korea"
"2021-02-08",303,3,188,"South Korea"
"2021-02-09",444,8,189,"South Korea"
"2021-02-10",504,4,184,"South Korea"
"2021-02-11",403,10,170,"South Korea"
"2021-02-12",362,11,161,"South Korea"
"2021-02-13",326,7,157,"South Korea"
"2021-02-14",343,8,156,"South Korea"
"2021-02-15",457,5,156,"South Korea"
"2021-02-16",621,7,166,"South Korea"
"2021-02-17",621,4,169,"South Korea"
"2021-02-18",561,6,161,"South Korea"
"2021-02-19",448,6,153,"South Korea"
"2021-02-20",416,3,156,"South Korea"
"2021-02-21",332,4,155,"South Korea"
"2021-02-22",357,5,146,"South Korea"
"2021-02-23",439,11,148,"South Korea"
"2021-02-24",395,3,140,"South Korea"
"2021-02-25",387,5,144,"South Korea"
"2021-02-26",415,4,144,"South Korea"
"2021-02-27",355,10,142,"South Korea"
"2021-02-28",355,8,135,"South Korea"
"2021-03-01",344,2,131,"South Korea"
"2021-03-02",444,1,135,"South Korea"
"2021-03-03",424,6,129,"South Korea"
"2021-03-04",398,7,140,"South Korea"
"2021-03-05",418,8,135,"South Korea"
"2021-03-06",416,5,136,"South Korea"
"2021-03-07",346,2,134,"South Korea"
"2021-03-08",446,8,128,"South Korea"
"2021-03-09",470,3,128,"South Korea"
"2021-03-10",465,3,123,"South Korea"
"2021-03-11",488,4,127,"South Korea"
"2021-03-12",490,10,126,"South Korea"
"2021-03-13",459,5,112,"South Korea"
"2021-03-14",379,2,105,"South Korea"
"2021-03-15",363,6,99,"South Korea"
"2021-03-16",469,3,103,"South Korea"
"2021-03-17",445,8,100,"South Korea"
"2021-03-18",463,2,100,"South Korea"
"2021-03-19",447,2,101,"South Korea"
"2021-03-20",456,3,102,"South Korea"
"2021-03-21",415,3,104,"South Korea"
"2021-03-22",346,1,103,"South Korea"
"2021-03-23",428,7,101,"South Korea"
"2021-03-24",430,3,111,"South Korea"
"2021-03-25",489,2,111,"South Korea"
"2021-03-26",505,7,111,"South Korea"
"2021-03-27",482,5,103,"South Korea"
"2021-03-28",382,1,104,"South Korea"
"2021-03-29",447,4,100,"South Korea"
"2021-03-30",506,3,102,"South Korea"
"2021-03-31",551,2,108,"South Korea"
"2021-04-01",557,4,107,"South Korea"
"2021-04-02",543,2,101,"South Korea"
"2021-04-03",543,3,101,"South Korea"
"2021-04-04",473,4,99,"South Korea"
"2021-04-05",478,4,97,"South Korea"
"2021-04-06",668,4,112,"South Korea"
"2021-04-07",700,4,109,"South Korea"
"2021-04-08",670,2,112,"South Korea"
"2021-04-09",677,6,113,"South Korea"
"2021-04-10",614,1,108,"South Korea"
"2021-04-11",587,3,105,"South Korea"
"2021-04-12",542,2,103,"South Korea"
"2021-04-13",731,5,101,"South Korea"
"2021-04-14",698,7,100,"South Korea"
"2021-04-15",673,6,99,"South Korea"
"2021-04-16",658,2,111,"South Korea"
"2021-04-17",671,4,108,"South Korea"
"2021-04-18",532,3,102,"South Korea"
"2021-04-19",549,4,99,"South Korea"
"2021-04-20",731,1,109,"South Korea"
"2021-04-21",735,4,116,"South Korea"
"2021-04-22",797,2,125,"South Korea"
"2021-04-23",777,3,127,"South Korea"
"2021-04-24",644,1,136,"South Korea"
"2021-04-25",499,1,136,"South Korea"
"2021-04-26",512,4,132,"South Korea"
"2021-04-27",769,3,156,"South Korea"
"2021-04-28",679,1,160,"South Korea"
"2021-04-29",661,7,157,"South Korea"
"2021-04-30",627,3,164,"South Korea"
"2021-05-01",606,2,174,"South Korea"
"2021-05-02",488,1,170,"South Korea"
"2021-05-03",541,6,164,"South Korea"
"2021-05-04",676,7,162,"South Korea"
"2021-05-05",574,4,173,"South Korea"
"2021-05-06",525,9,172,"South Korea"
"2021-05-07",701,5,162,"South Korea"
"2021-05-08",564,9,165,"South Korea"
"2021-05-09",463,1,160,"South Korea"
"2021-05-10",510,4,161,"South Korea"
"2021-05-11",634,5,171,"South Korea"
"2021-05-12",715,7,167,"South Korea"
"2021-05-13",747,2,160,"South Korea"
"2021-05-14",681,3,153,"South Korea"
"2021-05-15",610,4,150,"South Korea"
"2021-05-16",619,3,150,"South Korea"
"2021-05-17",528,1,151,"South Korea"
"2021-05-18",654,8,156,"South Korea"
"2021-05-19",646,4,148,"South Korea"
"2021-05-20",561,6,151,"South Korea"
"2021-05-21",666,4,147,"South Korea"
"2021-05-22",585,5,150,"South Korea"
"2021-05-23",538,3,149,"South Korea"
"2021-05-24",516,4,144,"South Korea"
"2021-05-25",705,2,160,"South Korea"
"2021-05-26",629,3,151,"South Korea"
"2021-05-27",587,3,154,"South Korea"
"2021-05-28",533,5,156,"South Korea"
"2021-05-29",480,6,160,"South Korea"
"2021-05-30",430,2,150,"South Korea"
"2021-05-31",459,4,149,"South Korea"
"2021-06-01",677,2,158,"South Korea"
"2021-06-02",681,3,151,"South Korea"
"2021-06-03",695,1,149,"South Korea"
"2021-06-04",744,2,151,"South Korea"
"2021-06-05",556,2,151,"South Korea"
"2021-06-06",485,1,150,"South Korea"
"2021-06-07",454,1,152,"South Korea"
"2021-06-08",602,2,149,"South Korea"
"2021-06-09",610,2,146,"South Korea"
"2021-06-10",556,2,154,"South Korea"
"2021-06-11",565,1,153,"South Korea"
"2021-06-12",452,3,155,"South Korea"
"2021-06-13",399,3,146,"South Korea"
"2021-06-14",373,4,153,"South Korea"
"2021-06-15",545,1,158,"South Korea"
"2021-06-16",540,1,159,"South Korea"
"2021-06-17",507,2,156,"South Korea"
"2021-06-18",482,1,149,"South Korea"
"2021-06-19",429,5,151,"South Korea"
"2021-06-20",357,2,146,"South Korea"
"2021-06-21",394,2,137,"South Korea"
"2021-06-22",645,1,135,"South Korea"
"2021-06-23",610,1,146,"South Korea"
"2021-06-24",634,1,141,"South Korea"
"2021-06-25",668,3,143,"South Korea"
"2021-06-26",614,1,149,"South Korea"
"2021-06-27",501,2,147,"South Korea"
"2021-06-28",595,2,141,"South Korea"
"2021-06-29",794,1,152,"South Korea"
"2021-06-30",761,3,149,"South Korea"
"2021-07-01",826,3,144,"South Korea"
"2021-07-02",794,1,145,"South Korea"
"2021-07-03",742,1,144,"South Korea"
"2021-07-04",711,2,143,"South Korea"
"2021-07-05",746,4,139,"South Korea"
"2021-07-06",1212,1,144,"South Korea"
"2021-07-07",1275,1,155,"South Korea"
"2021-07-08",1316,2,153,"South Korea"
"2021-07-09",1378,2,148,"South Korea"
"2021-07-10",1324,5,148,"South Korea"
"2021-07-11",1100,1,145,"South Korea"
"2021-07-12",1150,2,138,"South Korea"
"2021-07-13",1615,2,146,"South Korea"
"2021-07-14",1599,2,163,"South Korea"
"2021-07-15",1536,1,167,"South Korea"
"2021-07-16",1454,4,171,"South Korea"
"2021-07-17",1451,2,185,"South Korea"
"2021-07-18",1252,1,187,"South Korea"
"2021-07-19",1278,1,185,"South Korea"
"2021-07-20",1780,1,207,"South Korea"
"2021-07-21",1842,3,214,"South Korea"
"2021-07-22",1630,3,218,"South Korea"
"2021-07-23",1629,2,227,"South Korea"
"2021-07-24",1486,5,254,"South Korea"
"2021-07-25",1318,4,257,"South Korea"
"2021-07-26",1365,2,244,"South Korea"
"2021-07-27",1894,4,269,"South Korea"
"2021-07-28",1671,2,286,"South Korea"
"2021-07-29",1710,4,285,"South Korea"
"2021-07-30",1539,6,299,"South Korea"
"2021-07-31",1438,3,317,"South Korea"
"2021-08-01",1218,1,324,"South Korea"
"2021-08-02",1200,5,326,"South Korea"
"2021-08-03",1725,2,331,"South Korea"
"2021-08-04",1775,3,329,"South Korea"
"2021-08-05",1704,4,369,"South Korea"
"2021-08-06",1823,3,376,"South Korea"
"2021-08-07",1728,5,377,"South Korea"
"2021-08-08",1491,4,376,"South Korea"
"2021-08-09",1536,9,367,"South Korea"
"2021-08-10",2222,1,379,"South Korea"
"2021-08-11",1987,3,387,"South Korea"
"2021-08-12",1991,6,372,"South Korea"
"2021-08-13",1928,4,369,"South Korea"
"2021-08-14",1814,8,386,"South Korea"
"2021-08-15",1556,11,374,"South Korea"
"2021-08-16",1371,6,353,"South Korea"
"2021-08-17",1804,5,354,"South Korea"
"2021-08-18",2151,13,366,"South Korea"
"2021-08-19",2052,6,390,"South Korea"
"2021-08-20",1879,5,385,"South Korea"
"2021-08-21",1626,13,403,"South Korea"
"2021-08-22",1414,7,395,"South Korea"
"2021-08-23",1509,6,399,"South Korea"
"2021-08-24",2148,9,420,"South Korea"
"2021-08-25",1882,20,434,"South Korea"
"2021-08-26",1836,8,425,"South Korea"
"2021-08-27",1793,11,427,"South Korea"
"2021-08-28",1618,3,409,"South Korea"
"2021-08-29",1485,5,404,"South Korea"
"2021-08-30",1371,1,396,"South Korea"
"2021-08-31",2020,7,409,"South Korea"
"2021-09-01",1961,11,399,"South Korea"
"2021-09-02",1709,5,371,"South Korea"
"2021-09-03",1803,7,367,"South Korea"
"2021-09-04",1490,6,376,"South Korea"
"2021-09-05",1374,6,363,"South Korea"
"2021-09-06",1596,3,358,"South Korea"
"2021-09-07",2048,4,364,"South Korea"
"2021-09-08",2049,9,387,"South Korea"
"2021-09-09",1892,5,366,"South Korea"
"2021-09-10",1865,10,353,"South Korea"
"2021-09-11",1755,1,352,"South Korea"
"2021-09-12",1431,1,351,"South Korea"
"2021-09-13",1496,7,342,"South Korea"
"2021-09-14",2078,13,340,"South Korea"
"2021-09-15",1943,6,350,"South Korea"
"2021-09-16",2008,3,348,"South Korea"
"2021-09-17",2084,5,332,"South Korea"
"2021-09-18",1909,10,329,"South Korea"
"2021-09-19",1603,5,333,"South Korea"
"2021-09-20",1729,4,332,"South Korea"
"2021-09-21",1720,6,328,"South Korea"
"2021-09-22",1715,8,317,"South Korea"
"2021-09-23",2434,14,312,"South Korea"
"2021-09-24",3269,0,309,"South Korea"
"2021-09-25",2769,9,339,"South Korea"
"2021-09-26",2383,6,320,"South Korea"
"2021-09-27",2287,8,319,"South Korea"
"2021-09-28",2885,10,324,"South Korea"
"2021-09-29",2562,7,331,"South Korea"
"2021-09-30",2485,16,336,"South Korea"
"2021-10-01",2247,7,323,"South Korea"
"2021-10-02",2085,3,336,"South Korea"
"2021-10-03",1673,6,346,"South Korea"
"2021-10-04",1574,11,348,"South Korea"
"2021-10-05",2026,12,346,"South Korea"
"2021-10-06",2423,8,354,"South Korea"
"2021-10-07",2176,10,375,"South Korea"
"2021-10-08",1949,6,377,"South Korea"
"2021-10-09",1594,15,384,"South Korea"
"2021-10-10",1297,8,377,"South Korea"
"2021-10-11",1342,11,371,"South Korea"
"2021-10-12",1581,11,364,"South Korea"
"2021-10-13",1938,13,359,"South Korea"
"2021-10-14",1684,8,371,"South Korea"
"2021-10-15",1617,18,371,"South Korea"
"2021-10-16",1417,16,361,"South Korea"
"2021-10-17",1050,8,348,"South Korea"
"2021-10-18",1072,21,345,"South Korea"
"2021-10-19",1571,9,344,"South Korea"
"2021-10-20",1441,11,347,"South Korea"
"2021-10-21",1440,16,349,"South Korea"
"2021-10-22",1507,20,342,"South Korea"
"2021-10-23",1423,21,327,"South Korea"
"2021-10-24",1190,7,316,"South Korea"
"2021-10-25",1264,15,322,"South Korea"
"2021-10-26",1948,9,334,"South Korea"
"2021-10-27",2111,11,341,"South Korea"
"2021-10-28",2124,9,345,"South Korea"
"2021-10-29",2103,13,331,"South Korea"
"2021-10-30",2061,19,339,"South Korea"
"2021-10-31",1685,10,332,"South Korea"
"2021-11-01",1588,15,343,"South Korea"
"2021-11-02",2665,18,347,"South Korea"
"2021-11-03",2482,24,378,"South Korea"
"2021-11-04",2344,20,365,"South Korea"
"2021-11-05",2247,20,382,"South Korea"
"2021-11-06",2223,11,411,"South Korea"
"2021-11-07",1758,13,405,"South Korea"
"2021-11-08",1714,18,409,"South Korea"
"2021-11-09",2425,14,425,"South Korea"
"2021-11-10",2520,21,460,"South Korea"
"2021-11-11",2368,18,473,"South Korea"
"2021-11-12",2416,32,475,"South Korea"
"2021-11-13",2325,20,485,"South Korea"
"2021-11-14",2006,12,483,"South Korea"
"2021-11-15",2125,22,471,"South Korea"
"2021-11-16",3182,21,495,"South Korea"
"2021-11-17",3292,29,522,"South Korea"
"2021-11-18",3034,28,506,"South Korea"
"2021-11-19",3206,29,499,"South Korea"
"2021-11-20",3120,30,508,"South Korea"
"2021-11-21",2826,24,517,"South Korea"
"2021-11-22",2698,30,515,"South Korea"
"2021-11-23",4115,35,549,"South Korea"
"2021-11-24",3936,38,586,"South Korea"
"2021-11-25",3901,39,612,"South Korea"
"2021-11-26",4067,52,617,"South Korea"
"2021-11-27",3923,56,634,"South Korea"
"2021-11-28",3307,32,647,"South Korea"
"2021-11-29",3029,44,629,"South Korea"
"2021-11-30",5119,34,661,"South Korea"
"2021-12-01",5265,47,723,"South Korea"
"2021-12-02",4943,34,733,"South Korea"
"2021-12-03",5352,70,736,"South Korea"
"2021-12-04",5127,43,752,"South Korea"
"2021-12-05",4323,41,744,"South Korea"
"2021-12-06",4953,64,727,"South Korea"
"2021-12-07",7173,63,774,"South Korea"
"2021-12-08",7102,57,840,"South Korea"
"2021-12-09",7022,53,857,"South Korea"
"2021-12-10",6976,80,852,"South Korea"
"2021-12-11",6689,43,856,"South Korea"
"2021-12-12",5814,40,894,"South Korea"
"2021-12-13",5560,94,876,"South Korea"
"2021-12-14",7850,69,906,"South Korea"
"2021-12-15",7621,62,964,"South Korea"
"2021-12-16",7435,73,989,"South Korea"
"2021-12-17",7311,53,971,"South Korea"
"2021-12-18",6234,78,1016,"South Korea"
"2021-12-19",5317,54,1025,"South Korea"
"2021-12-20",5196,52,997,"South Korea"
"2021-12-21",7450,78,1022,"South Korea"
"2021-12-22",6917,109,1063,"South Korea"
"2021-12-23",6226,56,1083,"South Korea"
"2021-12-24",5842,105,1084,"South Korea"
"2021-12-25",5419,69,1105,"South Korea"
"2021-12-26",4204,55,1081,"South Korea"
"2021-12-27",3862,46,1078,"South Korea"
"2021-12-28",5401,36,1102,"South Korea"
"2021-12-29",5033,73,1151,"South Korea"
"2021-12-30",4872,108,1145,"South Korea"
"2021-12-31",4415,62,1056,"South Korea"
"2022-01-01",3828,69,1049,"South Korea"
"2022-01-02",3124,36,1024,"South Korea"
"2022-01-03",3023,51,1015,"South Korea"
"2022-01-04",4441,57,973,"South Korea"
"2022-01-05",4125,49,953,"South Korea"
"2022-01-06",3714,45,882,"South Korea"
"2022-01-07",3510,54,839,"South Korea"
"2022-01-08",3368,51,838,"South Korea"
"2022-01-09",3003,34,821,"South Korea"
"2022-01-10",3094,43,786,"South Korea"
"2022-01-11",4383,52,780,"South Korea"
"2022-01-12",4161,44,749,"South Korea"
"2022-01-13",4542,49,701,"South Korea"
"2022-01-14",4414,22,659,"South Korea"
"2022-01-15",4193,29,626,"South Korea"
"2022-01-16",3857,23,612,"South Korea"
"2022-01-17",4067,45,579,"South Korea"
"2022-01-18",5803,74,543,"South Korea"
"2022-01-19",6600,28,532,"South Korea"
"2022-01-20",6769,21,488,"South Korea"
"2022-01-21",7003,28,431,"South Korea"
"2022-01-22",7628,11,433,"South Korea"
"2022-01-23",7508,25,431,"South Korea"
"2022-01-24",8563,23,418,"South Korea"
"2022-01-25",13008,32,392,"South Korea"
"2022-01-26",14507,34,385,"South Korea"
"2022-01-27",16096,24,350,"South Korea"
"2022-01-28",17523,34,316,"South Korea"
"2022-01-29",17519,20,288,"South Korea"
"2022-01-30",17075,23,277,"South Korea"
"2022-01-31",18341,17,277,"South Korea"
"2022-02-01",20267,15,272,"South Korea"
"2022-02-02",22906,25,278,"South Korea"
"2022-02-03",27437,24,274,"South Korea"
"2022-02-04",36347,22,257,"South Korea"
"2022-02-05",38680,15,269,"South Korea"
"2022-02-06",35285,13,272,"South Korea"
"2022-02-07",36710,36,270,"South Korea"
"2022-02-08",49567,21,268,"South Korea"
"2022-02-09",54122,20,285,"South Korea"
"2022-02-10",53926,49,282,"South Korea"
"2022-02-11",54912,33,271,"South Korea"
"2022-02-12",56428,36,275,"South Korea"
"2022-02-13",54617,21,288,"South Korea"
"2022-02-14",57164,61,306,"South Korea"
"2022-02-15",90435,39,314,"South Korea"
"2022-02-16",93132,36,313,"South Korea"
"2022-02-17",109823,45,389,"South Korea"
"2022-02-18",102210,71,385,"South Korea"
"2022-02-19",104814,51,408,"South Korea"
"2022-02-20",95339,45,439,"South Korea"
"2022-02-21",99569,58,480,"South Korea"
"2022-02-22",171442,99,480,"South Korea"
"2022-02-23",170015,82,512,"South Korea"
"2022-02-24",165890,94,581,"South Korea"
"2022-02-25",166198,112,655,"South Korea"
"2022-02-26",163555,49,643,"South Korea"
"2022-02-27",139626,114,663,"South Korea"
"2022-02-28",138989,112,715,"South Korea"
"2022-03-01",219240,96,727,"South Korea"
"2022-03-02",198788,128,762,"South Korea"
"2022-03-03",266853,186,766,"South Korea"
"2022-03-04",254310,216,797,"South Korea"
"2022-03-05",243625,161,896,"South Korea"
"2022-03-06",210709,139,885,"South Korea"
"2022-03-07",202702,186,955,"South Korea"
"2022-03-08",342429,158,1007,"South Korea"
"2022-03-09",327538,206,1087,"South Korea"
"2022-03-10",282973,229,1113,"South Korea"
"2022-03-11",383651,269,1116,"South Korea"
"2022-03-12",350169,251,1066,"South Korea"
"2022-03-13",309780,200,1074,"South Korea"
"2022-03-14",362322,293,1158,"South Korea"
"2022-03-15",400730,164,1196,"South Korea"
"2022-03-16",621328,429,1244,"South Korea"
"2022-03-17",407017,301,1159,"South Korea"
"2022-03-18",381329,319,1049,"South Korea"
"2022-03-19",334708,327,1049,"South Korea"
"2022-03-20",208914,329,1033,"South Korea"
"2022-03-21",353806,384,1130,"South Korea"
"2022-03-22",490872,291,1104,"South Korea"
"2022-03-23",395480,470,1084,"South Korea"
"2022-03-24",339514,392,1081,"South Korea"
"2022-03-25",335479,323,1085,"South Korea"
"2022-03-26",318130,282,1164,"South Korea"
"2022-03-27",187033,287,1216,"South Korea"
"2022-03-28",347441,237,1273,"South Korea"
"2022-03-29",424573,432,1215,"South Korea"
"2022-03-30",320657,375,1301,"South Korea"
"2022-03-31",280273,360,1315,"South Korea"
"2022-04-01",264097,339,1299,"South Korea"
"2022-04-02",234301,306,1165,"South Korea"
"2022-04-03",127050,218,1128,"South Korea"
"2022-04-04",266084,209,1108,"South Korea"
"2022-04-05",286235,371,1121,"South Korea"
"2022-04-06",224776,348,1128,"South Korea"
"2022-04-07",205333,373,1116,"South Korea"
"2022-04-08",185495,338,1093,"South Korea"
"2022-04-09",164481,329,1099,"South Korea"
"2022-04-10",90849,258,1114,"South Korea"
"2022-04-11",210706,171,1099,"South Korea"
"2022-04-12",195393,184,1005,"South Korea"
"2022-04-13",148405,318,1014,"South Korea"
"2022-04-14",125846,264,962,"South Korea"
"2022-04-15",107882,273,999,"South Korea"
"2022-04-16",93001,203,913,"South Korea"
"2022-04-17",47684,132,893,"South Korea"
"2022-04-18",118465,130,850,"South Korea"
"2022-04-19",111277,166,834,"South Korea"
"2022-04-20",90819,147,808,"South Korea"
"2022-04-21",81058,206,846,"South Korea"
"2022-04-22",75414,151,833,"South Korea"
"2022-04-23",64725,109,738,"South Korea"
"2022-04-24",34310,110,726,"South Korea"
"2022-04-25",80335,82,668,"South Korea"
"2022-04-26",76762,141,613,"South Korea"
"2022-04-27",57447,122,546,"South Korea"
"2022-04-28",50544,136,552,"South Korea"
"2022-04-29",43286,70,526,"South Korea"
"2022-04-30",37771,81,490,"South Korea"
"2022-05-01",19973,83,493,"South Korea"
"2022-05-02",51105,49,461,"South Korea"
"2022-05-03",49045,72,417,"South Korea"
"2022-05-04",42296,79,432,"South Korea"
"2022-05-05",26714,48,441,"South Korea"
"2022-05-06",39552,83,423,"South Korea"
"2022-05-07",40064,71,419,"South Korea"
"2022-05-08",20564,40,423,"South Korea"
"2022-05-09",49907,62,421,"South Korea"
"2022-05-10",43902,29,398,"South Korea"
"2022-05-11",35864,63,383,"South Korea"
"2022-05-12",32451,52,354,"South Korea"
"2022-05-13",29541,55,347,"South Korea"
"2022-05-14",25434,48,341,"South Korea"
"2022-05-15",13251,35,338,"South Korea"
"2022-05-16",35080,27,345,"South Korea"
"2022-05-17",31327,31,333,"South Korea"
"2022-05-18",28113,40,313,"South Korea"
"2022-05-19",25105,43,274,"South Korea"
"2022-05-20",23462,26,251,"South Korea"
"2022-05-21",19298,54,235,"South Korea"
"2022-05-22",9944,22,229,"South Korea"
"2022-05-23",26326,19,225,"South Korea"
"2022-05-24",23937,23,232,"South Korea"
"2022-05-25",18799,34,237,"South Korea"
"2022-05-26",16584,40,243,"South Korea"
"2022-05-27",14382,36,207,"South Korea"
"2022-05-28",12654,19,196,"South Korea"
"2022-05-29",6124,9,188,"South Korea"
"2022-05-30",17171,9,178,"South Korea"
"2022-05-31",15797,21,180,"South Korea"
"2022-06-01",9878,15,188,"South Korea"
"2022-06-02",12510,17,176,"South Korea"
"2022-06-03",12048,9,160,"South Korea"
"2022-06-04",9835,20,141,"South Korea"
"2022-06-05",5022,21,136,"South Korea"
"2022-06-06",6134,20,129,"South Korea"
"2022-06-07",13343,6,117,"South Korea"
"2022-06-08",12150,18,114,"South Korea"
"2022-06-09",9315,18,106,"South Korea"
"2022-06-10",8428,10,107,"South Korea"
"2022-06-11",7382,20,101,"South Korea"
"2022-06-12",3818,17,98,"South Korea"
"2022-06-13",9766,2,95,"South Korea"
"2022-06-14",9419,9,98,"South Korea"
"2022-06-15",7982,8,93,"South Korea"
"2022-06-16",7198,9,98,"South Korea"
"2022-06-17",6842,11,82,"South Korea"
"2022-06-18",6067,14,71,"South Korea"
"2022-06-19",3511,10,70,"South Korea"
"2022-06-20",9286,12,72,"South Korea"
"2022-06-21",8937,11,68,"South Korea"
"2022-06-22",7480,14,64,"South Korea"
"2022-06-23",7227,10,58,"South Korea"
"2022-06-24",6780,21,52,"South Korea"
"2022-06-25",6246,3,50,"South Korea"
"2022-06-26",3404,3,54,"South Korea"
"2022-06-27",9870,5,68,"South Korea"
"2022-06-28",10453,7,62,"South Korea"
"2022-06-29",9583,10,59,"South Korea"
"2022-06-30",9528,8,54,"South Korea"
"2022-07-01",10695,7,56,"South Korea"
"2022-07-02",10059,8,53,"South Korea"
"2022-07-03",0,4,53,"South Korea"
"2022-07-04",6239,2,56,"South Korea"
"2022-07-05",18138,7,54,"South Korea"
"2022-07-06",19363,10,61,"South Korea"
"2022-07-07",18498,12,56,"South Korea"
"2022-07-08",19323,19,62,"South Korea"
"2022-07-09",20263,19,61,"South Korea"
"2022-07-10",20410,18,67,"South Korea"
"2022-07-11",12656,7,71,"South Korea"
"2022-07-12",37342,12,74,"South Korea"
"2022-07-13",40239,16,67,"South Korea"
"2022-07-14",39178,16,69,"South Korea"
"2022-07-15",38845,16,65,"South Korea"
"2022-07-16",41310,14,70,"South Korea"
"2022-07-18",26254,12,71,"South Korea"
"2022-07-19",73558,12,91,"South Korea"
"2022-07-20",76341,17,96,"South Korea"
"2022-07-21",71117,31,107,"South Korea"
"2022-07-22",68632,30,130,"South Korea"
"2022-07-23",68521,18,140,"South Korea"
"2022-07-24",65433,17,146,"South Korea"
"2022-07-25",35824,17,144,"South Korea"
"2022-07-26",99224,25,168,"South Korea"
"2022-07-27",100197,25,177,"South Korea"
"2022-07-28",88339,35,196,"South Korea"
"2022-07-29",85320,35,234,"South Korea"
"2022-07-30",81944,20,242,"South Korea"
"2022-07-31",73589,21,284,"South Korea"
"2022-08-01",44600,16,287,"South Korea"
"2022-08-02",111733,26,282,"South Korea"
"2022-08-03",119877,34,284,"South Korea"
"2022-08-04",107850,47,310,"South Korea"
"2022-08-05",112901,45,320,"South Korea"
"2022-08-06",110610,27,313,"South Korea"
"2022-08-07",105507,29,297,"South Korea"
"2022-08-08",55214,40,324,"South Korea"
"2022-08-09",149839,50,364,"South Korea"
"2022-08-10",151747,59,402,"South Korea"
"2022-08-11",137198,58,418,"South Korea"
"2022-08-12",128714,67,453,"South Korea"
"2022-08-13",124515,57,469,"South Korea"
"2022-08-14",119603,50,512,"South Korea"
"2022-08-15",62078,37,521,"South Korea"
"2022-08-16",83977,42,563,"South Korea"
"2022-08-17",180709,61,469,"South Korea"
"2022-08-18",178503,83,470,"South Korea"
"2022-08-19",138812,84,492,"South Korea"
"2022-08-20",129350,64,511,"South Korea"
"2022-08-21",110944,65,531,"South Korea"
"2022-08-22",58886,52,551,"South Korea"
"2022-08-23",150084,63,487,"South Korea"
"2022-08-24",139249,108,573,"South Korea"
"2022-08-25",113295,81,566,"South Korea"
"2022-08-26",101140,86,575,"South Korea"
"2022-08-27",95538,70,579,"South Korea"
"2022-08-28",85295,49,581,"South Korea"
"2022-08-29",43023,71,597,"South Korea"
"2022-08-30",115596,75,591,"South Korea"
"2022-08-31",103887,112,569,"South Korea"
"2022-09-01",81515,64,555,"South Korea"
"2022-09-02",89586,74,508,"South Korea"
"2022-09-03",79623,79,520,"South Korea"
"2022-09-04",72144,56,548,"South Korea"
"2022-09-05",37448,44,562,"South Korea"
"2022-09-06",99781,56,536,"South Korea"
"2022-09-07",85493,64,521,"South Korea"
"2022-09-08",72625,68,493,"South Korea"
"2022-09-09",69410,22,504,"South Korea"
"2022-09-10",42724,48,525,"South Korea"
"2022-09-11",28214,47,532,"South Korea"
"2022-09-12",36938,35,553,"South Korea"
"2022-09-13",57309,60,547,"South Korea"
"2022-09-14",93865,72,507,"South Korea"
"2022-09-15",71429,60,491,"South Korea"
"2022-09-16",51874,46,516,"South Korea"
"2022-09-17",43457,57,477,"South Korea"
"2022-09-18",34707,39,489,"South Korea"
"2022-09-19",19354,24,508,"South Korea"
"2022-09-20",47862,59,497,"South Korea"
"2022-09-21",41249,59,494,"South Korea"
"2022-09-22",32982,68,428,"South Korea"
"2022-09-23",29108,63,399,"South Korea"
"2022-09-24",29315,73,418,"South Korea"
"2022-09-25",25792,33,416,"South Korea"
"2022-09-26",14110,26,427,"South Korea"
"2022-09-27",39392,46,401,"South Korea"
"2022-09-28",36124,46,375,"South Korea"
"2022-09-29",30850,42,363,"South Korea"
"2022-09-30",28497,39,352,"South Korea"
"2022-10-01",26913,44,356,"South Korea"
"2022-10-02",23597,20,353,"South Korea"
"2022-10-03",12150,19,361,"South Korea"
"2022-10-04",16394,16,353,"South Korea"
"2022-10-05",34694,29,333,"South Korea"
"2022-10-06",28609,41,325,"South Korea"
"2022-10-07",22298,32,329,"South Korea"
"2022-10-08",19379,29,287,"South Korea"
"2022-10-09",17654,23,305,"South Korea"
"2022-10-10",8981,10,311,"South Korea"
"2022-10-11",15444,15,313,"South Korea"
"2022-10-12",30506,25,263,"South Korea"
"2022-10-13",26936,35,266,"South Korea"
"2022-10-14",23583,25,237,"South Korea"
"2022-10-15",22757,32,245,"South Korea"
"2022-10-16",21469,11,247,"South Korea"
"2022-10-17",10982,5,248,"South Korea"
"2022-10-18",33227,43,247,"South Korea"
"2022-10-19",29441,23,243,"South Korea"
"2022-10-20",25389,30,249,"South Korea"
"2022-10-21",24751,22,233,"South Korea"
"2022-10-22",26823,16,196,"South Korea"
"2022-10-23",26256,10,212,"South Korea"
"2022-10-24",14257,17,226,"South Korea"
"2022-10-25",43722,26,225,"South Korea"
"2022-10-26",40807,26,242,"South Korea"
"2022-10-27",34948,31,242,"South Korea"
"2022-10-28",35899,31,252,"South Korea"
"2022-10-29",37321,27,270,"South Korea"
"2022-10-30",34511,18,272,"South Korea"
"2022-10-31",18510,54,288,"South Korea"
"2022-11-01",58332,9,288,"South Korea"
"2022-11-02",54740,41,303,"South Korea"
"2022-11-03",46871,35,290,"South Korea"
"2022-11-04",43449,41,304,"South Korea"
"2022-11-05",40863,18,314,"South Korea"
"2022-11-06",36675,16,346,"South Korea"
"2022-11-07",18671,30,365,"South Korea"
"2022-11-08",62273,59,360,"South Korea"
"2022-11-09",62472,52,336,"South Korea"
"2022-11-10",55365,86,323,"South Korea"
"2022-11-11",54519,48,345,"South Korea"
"2022-11-12",54328,44,371,"South Korea"
"2022-11-13",48362,39,396,"South Korea"
"2022-11-14",23765,47,413,"South Korea"
"2022-11-15",72883,67,412,"South Korea"
"2022-11-16",66587,63,411,"South Korea"
"2022-11-17",55437,65,380,"South Korea"
"2022-11-18",49418,41,365,"South Korea"
"2022-11-19",50435,35,419,"South Korea"
"2022-11-20",46011,45,451,"South Korea"
"2022-11-21",23091,53,465,"South Korea"
"2022-11-22",72873,59,461,"South Korea"
"2022-11-23",70324,55,477,"South Korea"
"2022-11-24",59089,52,437,"South Korea"
"2022-11-25",53698,39,453,"South Korea"
"2022-11-26",52648,44,478,"South Korea"
"2022-11-27",47028,41,481,"South Korea"
"2022-11-28",22327,52,491,"South Korea"
"2022-11-29",71476,62,491,"South Korea"
"2022-11-30",67415,53,472,"South Korea"
"2022-12-01",57079,48,430,"South Korea"
"2022-12-02",52987,60,460,"South Korea"
"2022-12-03",52726,40,442,"South Korea"
"2022-12-04",46564,24,460,"South Korea"
"2022-12-05",23160,54,458,"South Korea"
"2022-12-06",77604,61,443,"South Korea"
"2022-12-07",74714,67,441,"South Korea"
"2022-12-08",65253,0,435,"South Korea"
"2022-12-09",62604,94,442,"South Korea"
"2022-12-10",62738,30,428,"South Korea"
"2022-12-11",54319,29,440,"South Korea"
"2022-12-12",25667,46,478,"South Korea"
"2022-12-13",86852,58,460,"South Korea"
"2022-12-14",84571,66,463,"South Korea"
"2022-12-15",70154,55,465,"South Korea"
"2022-12-16",66953,42,474,"South Korea"
"2022-12-17",66752,39,468,"South Korea"
"2022-12-18",58862,56,520,"South Korea"
"2022-12-19",26622,59,535,"South Korea"
"2022-12-20",87559,62,519,"South Korea"
"2022-12-21",88172,63,512,"South Korea"
"2022-12-22",75744,70,547,"South Korea"
"2022-12-23",68168,46,530,"South Korea"
"2022-12-24",66049,42,534,"South Korea"
"2022-12-25",58448,50,592,"South Korea"
"2022-12-26",25545,69,583,"South Korea"
"2022-12-27",87451,76,592,"South Korea"
"2022-12-28",87498,68,587,"South Korea"
"2022-12-29",71413,61,590,"South Korea"
"2022-12-30",65207,63,562,"South Korea"
"2022-12-31",63104,53,557,"South Korea"
"2023-01-01",57527,29,636,"South Korea"
"2023-01-02",22735,54,637,"South Korea"
"2023-01-03",81056,66,620,"South Korea"
"2023-01-04",78575,75,623,"South Korea"
"2023-01-05",64106,60,571,"South Korea"
"2023-01-06",56954,34,548,"South Korea"
"2023-01-07",53608,35,544,"South Korea"
"2023-01-09",19106,76,532,"South Korea"
"2023-01-10",60041,76,541,"South Korea"
"2023-01-11",54343,46,540,"South Korea"
"2023-01-12",43953,45,510,"South Korea"
"2023-01-13",39726,37,511,"South Korea"
"2023-01-14",36552,35,505,"South Korea"
"2023-01-15",32570,30,499,"South Korea"
"2023-01-16",14144,43,510,"South Korea"
"2023-01-17",40199,47,503,"South Korea"
"2023-01-18",36908,30,490,"South Korea"
"2023-01-19",29816,51,465,"South Korea"
"2023-01-20",27408,24,453,"South Korea"
"2023-01-21",27539,26,436,"South Korea"
"2023-01-22",16624,10,460,"South Korea"
"2023-01-23",9227,25,450,"South Korea"
"2023-01-24",12262,26,468,"South Korea"
"2023-01-25",19538,36,482,"South Korea"
"2023-01-26",35096,29,489,"South Korea"
"2023-01-27",31711,29,481,"South Korea"
"2023-01-28",23367,30,410,"South Korea"
"2023-01-29",18871,24,420,"South Korea"
"2023-01-30",7416,42,402,"South Korea"
"2023-01-31",19629,36,387,"South Korea"
"2023-02-01",20420,30,359,"South Korea"
"2023-02-02",16862,22,345,"South Korea"
"2023-02-03",14961,22,339,"South Korea"
"2023-02-04",14504,18,325,"South Korea"
"2023-02-08",17934,17,283,"South Korea"
"2023-02-09",14664,16,293,"South Korea"
"2023-02-10",13504,23,287,"South Korea"
"2023-02-11",12665,11,284,"South Korea"
"2023-02-12",12051,11,268,"South Korea"
"2023-02-13",5174,24,263,"South Korea"
"2023-02-14",14371,22,245,"South Korea"
"2023-02-15",14957,28,22,"South Korea"
"2023-02-16",12519,12,217,"South Korea"
"2023-02-17",11436,12,216,"South Korea"
"2023-02-18",10641,9,213,"South Korea"
"2023-02-19",10274,8,205,"South Korea"
"2023-02-20",4324,14,197,"South Korea"
"2023-02-21",11880,22,195,"South Korea"
"2023-02-22",13082,20,186,"South Korea"
"2023-02-24",10051,6,183,"South Korea"
"2023-02-25",9913,15,181,"South Korea"
"2023-02-26",9212,16,168,"South Korea"
"2023-02-27",4026,11,163,"South Korea"
"2023-02-28",10817,15,164,"South Korea"
"2023-03-01",12291,11,145,"South Korea"
"2023-03-02",7561,6,129,"South Korea"
"2023-03-03",10408,5,135,"South Korea"
"2023-03-04",11121,9,143,"South Korea"
